text,label,notes
"[Fabrizio Romano] BREAKING: Marco Palestra to Chelsea, here we go! Verbal agreement in place between all parties. Atalanta to receive package over €55m fee plus sell-on clause, long term deal to Italian talented RWB. Chelsea hijack Inter move and get new talent for Xabi Alonso.",news,Classic Romano breaking transfer news — pure fact
"Jude Bellingham covered his mouth while talking to Ghanian player Jordan Ayew during the match, no red card was shown",news,Reports a factual on-pitch event with no opinion added
"Carlos Queiroz: Is VAR still working? There's a penalty they should have given and there also was a clear red card. If VAR hadn't gone for coffee he would have awarded the penalty and we would have won the game. England were lucky.",hot_take,Bold claim with no evidence — emotional assertion dressed as analysis
"Mourinho on Arsenal: There is a silly theory of you can be great without winning. For me it's totally silly. I believe that if Arsenal tried to be a second Man City probably they wouldn't win. So they won. You have to respect the winners.",hot_take,Quote post — content is unsupported bold opinion so label follows content not format
"[L'Equipe] Jürgen Klopp: Football is being held hostage by executives in air-conditioned offices. These so-called cooling breaks were sold to us as a shield for the players well-being but in reality it's nothing more than a gilded cage built for sponsors.",hot_take,Strong pundit opinion with no verifiable evidence — classic hot_take framing
"Loud boos in the match between England and Ghana as the referee blows for the first hydration break",reaction,Captures a crowd emotional moment in real time — no opinion or fact claim
"Cristiano Ronaldo shouts at camera IM BACK after post game",reaction,Pure emotional moment — no argument or factual report
"Khusanov in tears after 5-0 defeat to Portugal",reaction,Emotional response to result — no analysis
"Cape Verde players reactions after securing their first ever World Cup point against Spain",reaction,Documents emotional celebration — no argument
"Marquinhos comforts his international teammate Gabriel after his penalty miss",reaction,Emotional human moment — no discourse content
"Norway players and fans doing Viking Row",reaction,Celebratory cultural moment — no argument or fact claim
"Thierry Henry and Zlatan having a kick about backstage in the studio",reaction,Light-hearted moment — no discourse
"Luka Modrić is hoisted into the air by his Croatia teammates after the match against Panama.",reaction,Celebratory emotional moment post-match
"As requested the full clip of Iraqi and French NT making a mascot's day",reaction,Heartwarming moment — no argument or news value
"A high angle view of the Norway fan Viking row during their match against Senegal",reaction,Crowd celebration — no discourse
"Bruno Fernandes reaction to Cristiano Ronaldo's missed chance",reaction,Emotional in-match reaction — no argument
"Argentina [3] - 0 Algeria - Lionel Messi 76 hat-trick",news,Match result with goalscorer — pure factual report
"[BBC] Following the 1-0 win against DR Congo Colombia confirm a place in the World Cup knockouts for only the fourth time in history",news,Result plus historical milestone — factual with no opinion
"With the loss against Croatia Panama are officially eliminated from the 2026 World Cup.",news,Elimination result — factual
"[BBC] Panama join Haiti and Turkey as sides who have been eliminated from the World Cup without scoring a goal",news,Statistical fact about elimination — no opinion added
"Cristiano Ronaldo becomes the first player to score a goal in six different FIFA World Cup editions (2006 2010 2014 2018 2022 and 2026).",news,Verifiable record — pure factual milestone
"[ESPN FC] The longest time EVER between a players first and latest World Cup goal: Ronaldo 20 years and 11 days; Messi 20 years and 11 days.",news,Verifiable statistical record — no opinion
"Cristiano Ronaldo becomes Portugal's all-time leading goalscorer in FIFA World Cup history scoring his 10th World Cup goal (24 games) surpassing Eusébio's record of 9 (6 games).",news,Verifiable record with specific numbers — pure news
"[BBC] Following the 1-0 win against DR Congo Colombia confirm a place in the World Cup knockouts for only the fourth time in history",news,Result and historical context — factual
"With the loss against Croatia Panama are officially eliminated from the 2026 World Cup.",news,Elimination confirmation — factual
"[ESPN FC] History for Curaçao as they earn their first-ever World Cup point! What a moment for the smallest country to EVER qualify for the World Cup",news,Verifiable milestone — celebratory framing but content is factual
"Ghana (#65) was the lowest ranked team England had faced in a major International tournament in over 30 years",news,Verifiable ranking fact — no opinion
"0 - England v Ghana is the first match at the 2026 FIFA World Cup not to have a single shot on target in the first half. [OptaJoe]",news,Official stat from OptaJoe — factual record
"[RMC Sport] Didier Deschamps has departed from the French squad in the US after the FFF announced his mother's death missing the 26 June 2026 World Cup Group I match against Norway in Boston.",news,Factual news report of a personal and logistical development
"Lionel Messi turns 39. Argentines plan nationwide birthday tribute",news,Factual news item — birthday and planned event
"[TBS News] Luka Modric set to become only the fourth man to reach 200 caps",news,Verifiable milestone approaching — factual
"Zlatan Ibrahimović on Messi's World Cup: Five goals in 2 games...I have zero goals in two World Cups so I'm happy for him and I hope he continues his birthday is in a couple of days so let him enjoy because we're all enjoying him by seeing him play so amazing just amazing no words.",reaction,Emotional tribute — no argument or fact claim; expresses admiration in the moment
"Ronaldo Nazário: It's time for the world to stop hiding and accept the fact that Messi is the greatest of all time.",hot_take,Bold GOAT claim from a famous figure — no evidence just assertion
"10 men and a statue: Portugal are sacrificing another World Cup for Cristiano Ronaldo's ego",hot_take,Strong provocative opinion — no supporting evidence or tactical breakdown
"[Jamie Carragher] Leaving Cole Palmer at home is a call Thomas Tuchel will come to regret. Tuchel's squad is made up of players all of a similar ilk every change from the bench last night was like for like - and its a call that could prove costly",hot_take,Pundit prediction with tactical observation used decoratively — assertion not argument
"Thierry Henry in his post-match analysis about Ronaldo after Portugal's game vs DR Congo: The team needs to score not you need to score",hot_take,Bold pundit judgment — no stats or evidence backing the claim
"Zlatan Ibrahimovic says on FOX soccer on Ronaldo shouting IM BACK: I thought he never left. I don't know why he was saying I'm back.",hot_take,Pundit quip framed as opinion — dismissive assertion with no evidence
"Teams with nothing to play for — I really hope FIFA switches back to goal differential being the tiebreaker for future tournaments. Under the current format with head-to-head points being the first tiebreaker 9/48 teams have no reason to try in their last game. Under goal differential all 48 teams would still have something to play for. This also creates unfair scheduling situations like Group A where Czechia will likely face a rotated Mexico squad and South Africa will play South Korea at full strength.",analysis,Best analysis example in dataset — compares formats with specific counts proposes alternative and identifies concrete unfair consequence
"[The Times] Fifa wants to change the rules on penalty shoot-outs before the knockout rounds start at this World Cup so that a team either choose to take the first spot kick or to do it in front of their own fans",news,Reports a proposed rule change — factual development no opinion added
"In an extreme scenario Alvarez could unilaterally terminate his contract with Atleti. The RFEF would have to process the players transfer and the Spanish courts would subsequently determine the corresponding compensation for Atletico de Madrid.",news,Reports a legal/contractual scenario — factual with no opinion
"Australian midfielder Jackson Irvine on new red card rule for covering your mouth: If you're saying something to someone that you don't want to be seen I think it's safe to say it shouldn't be said.",hot_take,Player opinion on a rule — bold assertion stated simply with no evidence
"Bellingham asking Williams if he used to play for Spain. Williams answers not anymore",reaction,Light moment capturing interpersonal exchange — no discourse value
"After scoring twice against Uzbekistan Ronaldo shuts down a reporter's question about Messi's recent two-goal performance",reaction,In-the-moment player behavior — no argument or fact claim
"Djed Spence avoids shaking Thomas Partey's hand",reaction,Captures a tense emotional moment — no argument
"[Czechia 1-1 South Africa] Schick waves off the referee and walks away; Mokoena reacts in disbelief",reaction,Emotional on-pitch moment — no analysis
"Alternate angle of Ezri Konsa's challenge against Prince Adu 79' (nothing given)",news,Reports a specific match event factually — no opinion on whether it was a foul
"Alternate angles of Giovanni Reyna's goal against Paraguay",news,Match clip post — reports a factual match event
"Harry Kane chance against Ghana 86'",news,Reports a specific match moment — factual
"Portugal [1] - 0 Uzbekistan - Cristiano Ronaldo goal 6'",news,Match score update — pure factual report
"Portugal [2] - 0 Uzbekistan - Nuno Mendes 17'",news,Match score update — pure factual report
"Portugal [3] - 0 Uzbekistan - Cristiano Ronaldo 39'",news,Match score update — pure factual report
"Argentina [1] - 0 Austria - L. Messi 38'",news,Match score update — pure factual report
"Argentina [2] - 0 Austria - Lionel Messi 90+4'",news,Match score update — pure factual report
"Uruguay 0 - [1] Cape Verde - Kevin Pina 21'",news,Match score update — pure factual report
"USA [1] - 1 Germany - Antonee Robinson great goal 37'",news,Match score update — pure factual report
"Telemundo TV commentator: We are one of the only networks in the world to not show ads during the World Cup cooling breaks. We prefer the old school way. We should be able to see what the players do. We show fans people enjoying not the corporate direction of football.",hot_take,Network rep making a bold values claim — no verifiable evidence just assertion
"Iceland's Daniel Gudjohnsen introducing himself to Lionel Messi post-match and reminding him that his dad was Messi's former Barcelona teammate",reaction,Heartwarming human moment — no argument or news value
"Kansas City honors Lionel Messi after World Cup hat trick",reaction,Community celebration moment — no discourse
"Scenes as FC Arsenal lift Premier League trophy",reaction,Celebratory moment — no argument
"Nathan Saliba holds up Ismael Kone's shirt after scoring",reaction,Emotional tribute moment — no argument
"Glasners slide after Conference League victory",reaction,Celebratory moment — no argument
"Pep: The next few years all around the world if you see me on the streets if you are a Man City fan come and hug me. I mean it I will need it.",reaction,Emotional farewell moment from manager — expresses feeling not argument
"Referee awards Arsenal a corner kick in stoppage time but then blows the whistle for halftime after Arsenal takes too long to take it",news,Reports a specific referee decision — factual event
"One dead eight injured in stampede in Jordan as fans watched World Cup match says Jordan News Agency",news,News report of a tragic event — factual
"Banner seen at USA vs Australia",reaction,Fan expression — no argument or news value
"Projected third-placed standings and the points + goal difference it would take to qualify as top 8",analysis,Scenario modeling with specific thresholds — uses data to project outcomes
"If Portugal beats Colombia Portugal and Argentina will meet in the quarter finals.",news,Factual conditional based on tournament structure — no opinion
"[Official] Spain 0-0 Cabo Verde is the first goalless draw of FIFA World Cup 2026",news,Official record — pure factual milestone
"Brazil fans chanted Hey Trump Go Fuck Yourself during the American anthem in yesterday's match between Brazil vs USA",news,Reports a specific crowd event — factual though controversial
"Portugal played how we expected. Roberto Martínez sent Portugal out in a 4-2-3-1 formation while Uzbekistan's Fabio Cannavaro opted for a 3-4-2-1. The key difference was Portugal's determination to attack space. The 3-4-2-1 was designed to be compact but had a critical flaw: the wing-backs were unsure whether to press Portugal's full-backs or track the inside forwards. This tactical confusion gave Nuno Mendes and João Cancelo immense freedom on the flanks.",analysis,Clear tactical breakdown with formation details and specific causal reasoning
"Spain's 4-0 win over Saudi Arabia highlights the evolution of their positional play. Instead of endless sterile passing their rotations in the half-spaces were incredibly aggressive. They constantly used wide wingers to pin the Saudi fullbacks creating massive gaps for the 8s to underlap into the box. It completely dismantled the Saudi low block. Is this the most vertical we've seen a Spanish side play in a major tournament since 2008?",analysis,Structured tactical observation with specific mechanisms identified — half-space rotations underlapping runs
"Why do almost all teams end up in the same shapes regardless of their base formation? It doesn't matter if a team plays 4-2-3-1 or 4-3-3. In attack they almost always end up in a 3-2-5 and defensively in a 4-4-2 block. The 3-2-5 provides width through inverted wingers freeing central lanes while the 4-4-2 block provides compactness across two lines. The base formation is just how you label the 11 positions at kickoff.",analysis,Structural tactical analysis explaining why specific shapes dominate modern football with clear reasoning
"DR Congo's draw with Portugal was a masterclass in organization. Coach Sébastien Desabre instructed his team to sit in a compact deep block. Congo completed 19 total tackles to Portugal's 11 made 28 clearances to Portugal's 10 and recorded 5 interceptions compared to Portugal's 2. Their defensive shape made it incredibly difficult for Portugal to find any space in the final third.",analysis,Uses specific verifiable stats to support a tactical claim — tackles clearances interceptions are load-bearing
"It appears Tuchel wants to build up using Konsa Stones Anderson and Rice in a block of 4 with a front 6 using James wide and O'Reilly inverted. Using Bellingham to drop very low to drag defenders and create space in front. The question is whether he will be more conservative against better teams or if this is his base structure for the tournament.",analysis,Specific formation and player role analysis with a genuine tactical question raised
"Liverpool's drop-off this season feels less like one single issue and more like structural problems. Trent's role was never limited to being a traditional right-back — he was one of Liverpool's primary progression outlets. Without that outlet Liverpool's long passing numbers dropped significantly. Liverpool averaged 17 accurate progressive midfield passes per game during 24/25. This season that number dropped to 14. That decline across a full season represents a significant reduction in ball progression.",analysis,Detailed structural analysis with specific progressive passing statistics as load-bearing evidence
"Applying card game theory to football: in any matchup one side is the beatdown trying to end the game before the opponent's advantages take over and the other is control trying to extend the game. Football needs a second axis: how many meaningful events does each team want? This gives a 2x2 model — control plus high-event control plus low-event beatdown plus high-event beatdown plus low-event. What I like about this is it pushes tactics away from ideology toward context.",analysis,Sophisticated framework applied to football with a structured 2x2 model and clear logical reasoning throughout
"Are modern full-backs becoming too important for tactical systems? Teams ask them to provide width invert into midfield help in build-up create overloads press aggressively recover defensively and contribute in the final third. The amount of central space full-backs are expected to cover now compared to ten years ago is dramatically higher. Finding players capable of doing all those jobs is incredibly difficult which can make a system dependent on a very specific profile.",analysis,Structured argument about tactical evolution with specific role demands identified and a clear consequence stated
"Koeman's tactics in the first half: the two fullbacks were used very strictly almost at the same height as the two CBs. This resulted in a 4123 or 415 shape with Frenkie De Jong occupying a single pivot role. Defensively they were in a very robust 541 mid-line with almost zero aggressivity. De Jong was effectively the third centre back. This over-conservative way of not using fullbacks seems so ineffective especially in a first game.",analysis,Specific formation identification with phase-by-phase breakdown — 415 in possession 541 in defense
"Is Spain's current style built for tournament football? They dominate possession against most teams but in tournaments you eventually run into opponents happy to defend deep and stay compact. That's where Spain have occasionally looked vulnerable. Do you think the current squad has enough directness and physicality to win a World Cup or are they still too dependent on controlling games through possession?",analysis,Structured tactical question grounded in historical pattern — deep blocks as Spain's recurring vulnerability
"England stumble to Ghana draw. Why didn't they shoot more? England had 68% possession but zero shots on target in the first half — the first time any team achieved that in this World Cup. Tuchel's like-for-like substitutions meant no tactical variation. The structural problem is that England's wide players were too narrow and Rice sat too deep to recycle play forward effectively.",analysis,Post-match analysis using specific stats and identifying a structural cause rather than just describing the result
"Argentina demonstrated their championship mettle finding a way to win against a difficult opponent without always dominating the play. Argentina lined up in a flexible 4-4-2 that could shift to a 4-3-3. Austria under Rangnick applied a suffocating high press disrupting Argentina's rhythm for long stretches. Instead of going long Argentina showed incredible patience trusting their passing to eventually find gaps. Scaloni: If you can't play the way you want you have to find solutions and I think we did that.",analysis,Tactical analysis of Argentina's adaptation to Austria's press — identifies mechanism and quotes manager
"Ronaldo was a team player in Portugal's game. His first goal in the 6th minute came from a classic cross by the overlapping Cancelo. His second goal before half-time was a perfect counter-attacking move finished with a clinical shot. The second half saw Portugal manage the game but they still added two more goals including a cleverly worked corner routine that resulted in an own goal. The victory was a complete tactical triumph.",analysis,Match breakdown identifying specific tactical mechanisms for each goal — overlapping runs counter-attacks set pieces
"Could someone objectively explain how big of a negative impact Ronaldo had on Portugal? Is Ronaldo the biggest reason for Portugal's poor performance or is Portugal's essential problem deeper and more general? Would dropping Ronaldo turn them into strong title contenders or is he simply being criticized most harshly because of his fame and personality? Please no fanaticism — only objective assessment.",analysis,Genuine analytical question with structured framing — explicitly asks for evidence-based reasoning not opinion
"England's xG over three group games is 1.2 — lower than every other team still in the tournament. That's not bad luck that's a structural problem with how Tuchel sets up. The wide players aren't getting into crossing positions and Kane is isolated as a target. Until that changes England will keep looking toothless against compact defenses.",analysis,xG as load-bearing evidence for a structural tactical claim — not decorative
"Is the USMNT a genuine World Cup contender? The midfield is hardworking the fullbacks are pacy and Balogun looks like a gem of a striker. But their xG against Germany was just 0.8 despite the draw suggesting they were fortunate. Their defensive structure against teams with technical midfields like France would be tested severely. Playing on home soil gives them an edge but they'd need to significantly improve their build-up to beat the top sides.",analysis,Balances positive observations with specific weaknesses and uses xG as evidence — structured argument
"Thierry Henry on Ronaldo after Portugal's DR Congo game: The team needs to score not you need to score. Look at the data — Ronaldo's positioning is consistently pulling him away from the defensive shape. Portugal's midfield has to cover more ground when Ronaldo drifts centrally. This isn't just sentiment it's a structural problem that Martinez hasn't solved.",analysis,Builds on Henry's quote but adds tactical substance — identifies positional consequence and team shape issue
"It was lazy analysis to blame Ronaldo as the only major problem for the defeat. The world-class Portugal midfielders just escaped criticism entirely. Sideways and back passes will not help you score. The tactical blunder was by Martinez. Even if you put Haaland or Kane in that team the result is the same if midfield is only doing sideways and back passes. Bernardo in RW — I don't know what this guy smokes. Silva needs to play centrally not on the right wing.",analysis,Despite emotional tone this contains specific tactical claims about midfield shape player positioning and formation decisions — qualifies as analysis though borderline
"Mbappe is finished as a dominant force in this tournament. He had one good game and everyone forgot his last 6 months of form.",hot_take,Bold dismissive claim with no evidence — classic hot take
"Tuchel has no idea what he's doing. England look exactly the same as under Southgate — boring and clueless. He needs to be sacked after the group stage.",hot_take,Bold managerial verdict with no tactical evidence — pure assertion
"Ronaldo's ego is the reason Portugal have never won anything. He cares more about his stats than the team. Always has.",hot_take,Strong personality judgment stated as fact without evidence
"Argentina will win this World Cup. No other team comes close. Messi is on another level and the squad is built to win tournaments.",hot_take,Confident prediction with no evidence or comparison to other teams
"Brazil haven't been serious World Cup contenders since 2002. Ancelotti won't change that. They have no identity.",hot_take,Bold historical and predictive claim with no supporting argument
"The hydration breaks are ruining the World Cup. FIFA just wants more ad money and everyone knows it. Pure greed disguised as player welfare.",hot_take,Bold conspiracy-adjacent assertion with no evidence — dismisses official explanation with no counterargument
"Messi at 39 is still the best player on the planet. Age is literally just a number for him. Simply untouchable.",hot_take,Bold GOAT claim stated without evidence or comparison
"England will never win a World Cup with this defensive mentality. It's in the DNA of the FA and nothing will ever change.",hot_take,Sweeping generational claim stated as inevitable fact — no evidence
"Ronaldo is doing this World Cup purely for his ego and personal records. Portugal would be better off with a proper striker.",hot_take,Strong personality verdict repeated assertion — mirrors the article headline framing
"Morocco is the most underrated team in this tournament. They will reach the semifinals and people will be shocked.",hot_take,Bold prediction stated without comparative analysis of Morocco's path or opponents
"The VAR system is completely broken. It's ruining football and everyone at FIFA knows it. The referees are incompetent.",hot_take,Strong institutional verdict with no evidence — emotional assertion
"Cole Palmer should have been England's first pick. Tuchel made a tactical mistake that will cost England the tournament.",hot_take,Bold player omission claim stated as certain without evidence of what Palmer would have changed
"Germany are the most overrated team at this World Cup. Two goals against Ivory Coast means nothing. They'll collapse in the knockouts.",hot_take,Dismissive verdict on Germany with cherry-picked single result as evidence — decorative not load-bearing
"Pochettino deserves all the credit for USA's performances. He's transformed them from a rabble into a real team.",hot_take,Strong managerial credit claim stated without evidence of what specifically changed
"Can the US win the World Cup? I have to admit I was so wrong about the team pre-tournament. The team looks great the midfield is hardworking the fullbacks are pacy and Balogun looks like a gem. Playing on home soil. Dare to dream?",hot_take,Optimistic fan take — no real evidence just enthusiasm. Borderline but asserting rather than reasoning
"There is a silly theory that you can be great without winning. For me it's totally silly. Arsenal tried to be a second Man City and they won. You have to respect the winners. — Mourinho",hot_take,Bold unsupported philosophical claim from a pundit — quote content is assertion not argument
"Xavi: Lionel Messi is the Michael Jordan of football. He's incomparable almost inhuman. Watching him break through at 16 and now seeing him star in 2026 is deeply emotional for me.",reaction,Emotional tribute from a former teammate — expresses feeling not argument
"Cape Verde fan goes wild live on BBC News as his country scores against Spain",reaction,Fan emotional moment captured in real time
"Argentina fans react to record-equalling Messi hat-trick in Kansas City",reaction,Crowd celebration captured in the moment
"Norway fans show off Viking ship celebration in Times Square",reaction,Fan celebration cultural moment — no argument
"Brazil fans host party at famous Philadelphia landmark ahead of Scotland match",reaction,Fan community celebration moment — no discourse
"Salah says Egypt win over New Zealand was a great achievement — emotional post-match interview",reaction,Player emotional response to a result
"Erling Haaland: I am really good at scoring goals. — post match interview",reaction,Player self-expression in the moment — slight humor but no argument
"Cape Verde fans across the world celebrate historic draw with Spain — scenes from multiple countries",reaction,Global fan reaction captured — no argument or news value
"Mexico and Korea fans celebrate opening night in London — World Cup fever hits the city",reaction,Fan celebration moment — no argument
"Harry Kane speaks to England squad about avoiding past failings — emotional pre-match address",reaction,Emotional motivational moment — no argument or tactical analysis
"Marquinhos in tears on the pitch after Brazil's penalty shootout elimination",reaction,Emotional player moment — pure reaction
"Iceland's Daniel Gudjohnsen meets Messi and reminds him his dad was Messi's former Barcelona teammate — touching moment post-match",reaction,Human emotional connection moment — no argument
"Scotland fans in Miami ahead of Brazil clash — nervous excitement as game of their lives approaches",reaction,Fan emotional moment ahead of match — expresses feeling not argument
"Lamine Yamal scores on his first World Cup start — the prodigy announces himself to the world stage",reaction,Celebratory milestone moment — captures the excitement of the moment
"Messi turns 39 today. Happy birthday to the greatest of all time.",reaction,Celebratory fan expression — no argument just emotion
"Kvaratskhelia with Ronaldo's shirt and MOTM Award after the match: Dreams. — Fabrizio Romano",reaction,Player emotional moment captured post-match
"Marc Cucurella replies to Gary Neville after winning the Euros: We went all the way Gary. Thanks for your support.",reaction,Player emotional response to pundit criticism — no argument just triumphant feeling
"End of an era. Historical day. Lionel Andrés Messi. — Fabrizio Romano on Messi leaving Barcelona",reaction,Emotional reaction to a historic football moment
"OFFICIAL: Pepe announces his retirement at 41 years old. 878 games 34 trophies and one of the best defenders around for years. Legend. — Fabrizio Romano",reaction,Emotional tribute on retirement announcement — no argument
"Messi scores a late winner for Argentina against Austria 90+4 — the crowd goes absolutely wild in the stadium",reaction,Match moment captured — emotional crowd reaction
"Sadio Mané to Al Nassr here we go! Deal in place between the two clubs Bayern have accepted the verbal proposal after advanced talks. Paperwork to be checked on player side and then medical will be booked. — Fabrizio Romano",news,Classic Romano breaking transfer confirmation with specific deal details
"BREAKING: Moisés Caicedo to Chelsea here we go! Agreement reached and sealed — British record transfer fee. £115m fee plus sell-on clause for Brighton. Medical tests booked. Caicedo will sign until June 2031 with option until 2032. — Fabrizio Romano",news,Verified transfer with specific fee contract length and medical details — pure news
"Kylian Mbappé to Real Madrid. HERE WE GO. — Fabrizio Romano",news,Transfer confirmation from primary source — pure factual report
"Jadon Sancho to Manchester United here we go! Agreement reached between Manchester United and Borussia Dortmund. €90m with add-ons. Contract until 2026. Medicals pending. — Fabrizio Romano",news,Verified transfer with specific fee and contract details
"German legend Franz Beckenbauer has passed away today aged 78. RIP Franz. — Fabrizio Romano",news,Death announcement — factual and significant
"Man City make £106m plus add-ons verbal offer for Anderson — David Ornstein",news,Specific transfer offer with fee reported by credible journalist
"Brighton make £30m offer for Tottenham defender Vuskovic — David Ornstein",news,Specific transfer bid with verifiable fee
"Liverpool confirm £34m Victor Munoz signing from Osasuna — the winger impressed with seven goals across 36 appearances last term",news,Official transfer confirmation with specific fee and stats
"Bernardo Silva joins Real Madrid on two-year contract as a free agent after ending nine-year spell at Manchester City",news,Official transfer with contract length and context
"Ibrahima Konate joins Real Madrid on four-year deal after Liverpool exit — France international was a free agent after not renewing",news,Official transfer with specific contract length and reason for exit
"Atletico's Julian Alvarez confirms he wants a transfer: I want to fulfill my dream — player statement on his future",news,Player official statement on transfer intentions — factual development
"Real Madrid complete €60m Marc Cucurella signing from Chelsea — confirmed on a six-year contract through to 2032",news,Official transfer with specific fee and contract length
"Chelsea advancing in move for Atalanta's Marco Palestra — agreement between clubs expected. Italy international also had interest from Inter Milan.",news,Transfer development with specific parties and context
"Porro close to agreeing long-term Tottenham contract extension — Sebastian Stafford-Bloor",news,Contract extension news from credible journalist
"FIFA gives Paraguay's Miguel Almirón one-game ban for covering his mouth — official ruling",news,Official FIFA disciplinary decision — verifiable fact
"Commentator stripped of FIFA credentials after expletive-laden on-air rant against match officials during Paraguay victory over Turkey",news,Official credential withdrawal — verifiable factual event
"More than 300 drones seized at US World Cup sites — security announcement",news,Official security report — factual development
"Raphinha to miss Scotland vs Brazil — Neymar ready for 90 minutes says Ancelotti",news,Official injury and fitness update from manager
"Trump to attend World Cup final confirms FIFA president Gianni Infantino",news,Official confirmation of attendance — factual announcement
"No extra revenue for FIFA from hydration breaks — purely a sporting matter says Infantino",news,Official FIFA statement on hydration break policy
"Didier Deschamps returns to France after death of his mother — will miss final group game against Norway",news,Personal news with official squad impact confirmed
"Croatia's Luka Modrić set to become only the fourth man to reach 200 international caps",news,Verifiable milestone approaching — factual
"Gary O'Neil signs three-year deal as new Ipswich boss",news,Official managerial appointment with contract length
"Fulham finalising deal to appoint Alvaro Arbeloa as head coach on three-year deal",news,Official appointment in progress — specific contract length
"Real sign Felicia Schroeder in most expensive women's transfer — BK Hacken teenager joins Real Madrid",news,Transfer with record-breaking context — verifiable
"Lionel Messi overtakes Miroslav Klose to become World Cup all-time top scorer",news,Verified record broken with two players named — pure factual milestone
"All the numbers as Messi overtakes Klose: Argentina captain has eclipsed the former Germany striker as all-time top scorer in the competition — Will Jeanes",news,Statistical milestone with specific details verified
"Lionel Messi has overtaken Miroslav Klose to top the overall World Cup scoring chart with 18 goals across six tournaments (2006 2010 2014 2018 2022 2026). Kylian Mbappe has moved level with Klose in fourth place with 16 goals from only 16 games. Brazil's Ronaldo stands one goal behind in fourth with 15 goals across four tournaments.",news,Official FIFA all-time scoring chart — verifiable records with specific numbers
"Harry Kane has scored 10 World Cup goals across three editions (2018 six goals 2022 two goals 2026 two goals to date) in only 13 matches — joint record with Ronaldo Batistuta and others.",news,Verifiable goalscoring record with specific breakdown per tournament
"Luka Modric made his 200th international appearance for Croatia in their match against Panama — becoming only the fourth man to reach that milestone.",news,Verifiable cap milestone with specific number and historical context
"Messi gets new 85-foot statue in Argentina — local artists in Cutral Co unveiled the monument depicting Messi kneeling at Lusail Stadium after the 2022 World Cup final victory. The sculpture contains 70 tons of steel and took 18 months to complete.",news,Factual news report with specific measurements and construction details
"Atletico Madrid striker Julian Alvarez confirms he wants a transfer this summer: I want to fulfill my dream. Barcelona Real Madrid and Arsenal have all shown interest.",news,Official player statement on transfer intentions — confirmed by player himself
"Manchester United and Arsenal are both interested in Bournemouth midfielder Alex Scott according to The Daily Mail. Any deal is expected to require an offer worth £60 million.",news,Transfer interest report with specific fee from credible source
"Aston Villa are keen on West Ham forward Jarrod Bowen according to The Athletic. Villa could be willing to discuss proposals worth £50 million.",news,Transfer interest report with specific fee from credible source
"Real Madrid complete Bernardo Silva signing on a two-year contract as a free agent after ending his nine-year spell at Manchester City.",news,Official transfer confirmation with contract length
"Senegal goalkeeper Edouard Mendy ruled out of World Cup decider against Iraq — confirmed injury absence.",news,Official injury update affecting squad selection
"Paraguay's Miguel Almiron receives one-game ban from FIFA for covering his mouth during the match.",news,Official FIFA disciplinary decision — verifiable ban
"The Mbappe penalty decision was baffling. The defending player makes a sliding challenge does not touch the ball and makes clear contact with Mbappe's planted foot. There's only so much an attacker can do to avoid a risky challenge across his body. It's a stonewall penalty — and seeing it confirmed on VAR review should have been straightforward.",analysis,Referee community post applying specific laws of the game — no ball contact plus player contact equals foul — structured argument with reasoning
"The problem with the Mbappe call is the ref tried to argue attacker initiated contact. But look at what Mbappe would have needed to do to avoid that challenge. Some kind of high-speed leap and then land in stride to retain possession? Meanwhile the defending player carries no such responsibility — slide at the player and if they don't get out of the way it's their own fault? That is an impossible standard for attackers.",analysis,Structured legal argument applying the attacker-initiation standard to the specific situation — reasons through the implications
"Portugal's most objective problem against DR Congo was structural not individual. They had huge possession but very little penetration. They moved the ball around the outside of DR Congo's block without creating central disruption runs in behind or high-quality chances. Ronaldo's role made those problems worse — at this stage of his career he is basically a penalty-box finisher. Without a more complete forward alongside him or deeper attacking threats who can manipulate the defensive line the offense becomes static. DR Congo's 5-3-2 exploited this perfectly: Portugal circulated wide and crossed into crowded areas which is exactly what the defense wanted.",analysis,Detailed tactical breakdown identifying structural problem formation mismatch and why crossing into a 5-3-2 low block fails
"England had 79% possession against Ghana and 19 shots but couldn't score. The structural problem is clear: England's wide players weren't getting into crossing positions and Kane was isolated as a target with almost no service to feet. By the 35th minute only two players had fewer touches than Kane — the Ghana goalkeeper and Antoine Semenyo. Without a runner or second striker to create space alongside him England's attack becomes entirely predictable against a low block.",analysis,Possession stats and touch counts used as load-bearing evidence for a structural Kane isolation argument
"Ronaldo offers nothing out of possession at this stage of his career. He can't retain the ball he can't beat his man and he doesn't press because of his age — so everybody else has to run more. He loses the ball more than any other Portugal player. His positional instincts for getting in behind defenders are still there but the engine to make those runs repeatedly through 90 minutes is gone. Portugal would benefit from using him as an impact substitute rather than a starter.",analysis,Specific out-of-possession limitations identified with concrete examples — ball retention dribbling pressing — and a tactical solution proposed
"The issue with Martinez at Portugal is the same one he had at Belgium — vast possession but no penetration. Portugal had 75% of the ball against Congo but only one shot in the first half. The Portuguese midfield dropped far too deep alongside the defensive line leaving Ronaldo completely isolated. Vitinha and Neves were playing at center-back height instead of progressing the ball forward. This is a positional and instructional failure not just a personnel problem.",analysis,Tactical analysis citing specific stats and identifying the root cause as positional structure rather than individual players
"Curaçao are the smallest nation by population and area ever to qualify for the World Cup. They face Group E opponents Germany Ivory Coast and Ecuador. Their goalkeeper Eloy Room made 15 saves against Ecuador in a 0-0 draw and was named player of the match. Room held up a shirt for their late teammate Jairzhino Pieter who died in 2019.",news,Factual World Cup milestone report with specific stats and context
"Scotland vs Brazil is a defining moment in Scottish football history. Win or draw and Scotland reach the knockout stages for the first time ever. Steve Clarke's side managed just two shots on target against Haiti and zero against Morocco. Against Brazil they face Vinicius Jr Rayan and potentially Neymar returning from a calf injury.",news,Pre-match factual report with result context and squad information
"USMNT have qualified for the knockout stages and won Group D after beating Australia and Germany. Four players — Adams Balogun Richards and Robinson — are on yellow cards and at risk of suspension if they play against Turkey.",news,Tournament qualification fact with specific players and yellow card risk details
"Raphinha to miss Scotland vs Brazil — Carlo Ancelotti confirms the winger sustained an injury against Haiti. Neymar ready for 90 minutes after calf injury recovery.",news,Official injury and fitness update from manager press conference
"Fuck the Daily Mail. Trash article with no place here. Classic Mail trying to manufacture drama where both managers have said there was nothing to it.",reaction,Fan dismissing tabloid coverage with obvious irritation — no argument just emotional pushback
"Saying X-rated makes it sound like Bellingham asked for a shag lmao",reaction,Humorous fan reaction to tabloid sensationalism — emotional quip not argument
"Karma goal for France a few minutes later. What goes around comes around.",reaction,Fan reaction to a moment of perceived justice on the pitch — emotional satisfaction expressed
"The Ghana supporters after the England draw looked like folks at closing time who didn't want to leave the club begging the deejay for one more song. The cheering and dancing went on even after the music stopped.",reaction,Journalist capturing the emotional celebration of Ghana fans after the draw — vivid emotional description
"Crying long before the anthems. When I heard the first notes of our anthem it was overwhelming — we'd made it. I caught the eye of some Germany players and they smiled. They knew how much it meant to us. — Curaçao player Gervane Kastaneer on playing at the World Cup",reaction,Player emotional account of experiencing their World Cup debut — pure feeling expressed
"Brazil fans hosted a party at the famous Philadelphia Rocky Steps ahead of their match against Scotland. Thousands of fans in gold and green filled the landmark.",reaction,Fan celebration moment captured — no argument or news beyond the scene
"Scotland fans in Miami made their voices heard at the Miami Marlins baseball game on Monday night. The bars are packed and the Tartan Army are ready for the game of their lives.",reaction,Fan atmosphere build-up — emotional anticipation captured with no argument
"When Scotland scored against Haiti the stadium erupted. John McGinn wheeled away in celebration and the entire Tartan Army rose as one. For a country that has never made a World Cup knockout stage this felt like more than just a goal.",reaction,Emotional description of a fan and player moment — captures the feeling not the argument
"Ronaldo strutted out against Uzbekistan head held high jaw jutting out and scored inside six minutes. As he peeled away in celebration there were no smiles no laughs no joy — just that trademark lip curl and a look that screamed talk now. 'Finished? Who me? You count me out? I'm going to make you look foolish.'",reaction,Journalist capturing Ronaldo's emotional response and body language after silencing critics — emotional narrative not analysis
"I'm 100% convinced now. England will win this World Cup. The character this team showed against Croatia in the second half was unlike anything I've seen from an England team in years. This is different.",hot_take,Bold tournament prediction based on one game's second half — no comparative analysis
"Mbappe is the best player in the world right now and it isn't close. Messi is done. Ronaldo is coasting on nostalgia. Mbappe is in a league of his own.",hot_take,Bold hierarchical claim stated as absolute fact with no evidence
"England's problem is simple: they haven't had a creative midfielder since Lampard and Gerrard. Rice is a destroyer not a creator. Until they fix that they will always fail at major tournaments.",hot_take,Bold structural diagnosis stated as simple fact — no evidence or comparison to other teams
"Ronaldo has been making his teams worse for years starting with Juventus. He becomes the sole focus of the team's attack refuses to defend and everyone else scores less and plays worse. It's been obvious for five years.",hot_take,Bold negative verdict spanning multiple teams stated as obvious fact — no supporting data
"Martinez is one of the worst international managers I have ever seen. Four years and he still doesn't know what his best centerback duo is or who to line up alongside Ronaldo. That's four years. Let that fact sink in.",hot_take,Strong managerial verdict stated with exasperation — no comparative evidence or tactical detail
"Tuchel is going to get England knocked out in the round of 32. Same Southgate tactics just with a German accent. Nothing has fundamentally changed.",hot_take,Bold predictive claim equating Tuchel to Southgate — no tactical evidence provided
"Brazil will go home in the quarterfinals as usual. Ancelotti is a club manager and has no idea how to set up a national team. Same story every four years.",hot_take,Confident tournament prediction combined with managerial dismissal — no evidence
"Messi at 39 is still the best player in this tournament and it isn't even a debate anymore. The records the goals the impact. Just accept it.",hot_take,Bold GOAT claim stated as settled — no comparative analysis with other tournament players
"That ref absolutely bottled the Mbappe penalty decision. He knew it was a penalty and was too scared to give it on the big stage. Cowardice plain and simple.",hot_take,Bold character judgment of a referee — no analysis of the laws of the game
"The 3-5-2 requires very specific player profiles. You need a sweeper CB who organizes and plays out under pressure, two wide CBs who are pacey enough to cover channels and aggressive enough to push into midfield, and two wing-backs who go end-to-end the entire game. Conte at Juventus had Buffon plus Chiellini Bonucci and Barzagli — all world class — plus Pirlo in midfield and strict rotation to manage physical load. Without those profiles the system collapses into a 5-3-2 that just sits deep.",analysis,Detailed profile-by-profile breakdown of what the 3-5-2 requires with a specific historical example of when it worked
"Chelsea under Tuchel and Inter under Conte both played highly progressive football despite using a back three. A formation does not by itself determine whether a team is defensive or attacking — it is the coach's tactical approach that matters. In a 3-4-3 press you commit seven players forward (front three plus wing-backs plus two CMs) compared to six in a 4-3-3. The trade-off is the space left in wide areas: wing-backs must cover huge distances and if the press is bypassed the channels are exposed.",analysis,Structured argument challenging a common assumption about 3-back formations with specific pressing mechanics explained
"The reason 3-5-2 is picking up in popularity is how positional teams attack. They push 5 players forward to overload back 4s with a 3-2 or 2-3 shape behind. Two defensive counters exist: sit in a compact 4-2-4 denying central progression but losing possession, or drop an extra defender to account for the 5th attacker overload (3 center backs). The offensive counter to a back 5 is to attack with a 3-1-6 shape like Kompany at Bayern creating a man overload advantage despite the extra defender.",analysis,Explains the arms race between attacking overloads and defensive back-5 responses with specific formation names and a current example
"3-5-2 vs other formations: when the wingers push forward and pin the wing-backs of a 3-4-3 back you turn their system from a 3-4-3 into a 5-4-1. The back 3 are stuck marking one attacker each so you have 5 men defending 3 forwards. You lose the midfield battle almost instantly because the wing-backs are pinned and can't contribute to possession. This is how teams bullied Chelsea in Conte's second season.",analysis,Specific exploitation mechanism explained with a real historical example of how it was used against Conte's Chelsea
"Formations change during the game multiple times. You press high in formation A play a midblock in B and a low block in C build up in D and attack in E. Most teams at the top level attack in a back 3 anyways by rotating players once they have the ball — either both wing-backs push and a pivot drops between the CBs or one wing-back tucks in to create a back 3. Even Arsenal start in a 4-3-3 on paper but their average positions show a clear 4-4-2 / 4-2-4 shape defensively.",analysis,Explains the fluidity of modern formations across game phases with a specific Arsenal example grounded in positional data
"The Messi vs Ronaldo numbers don't support the claim that Ronaldo is the better goalscorer. Messi has more goals per game and per 90 minutes significantly fewer shots per goal more goals inside and outside the box and is massively better at outperforming xG. In seasons where data exists Messi's np:G-xG is +35.6 while Ronaldo's is -0.8. In 2012-13 alone Messi scored 42 goals from 17.6 xG — a +24 difference and a 2.39 goals per xG ratio that is essentially impossible.",analysis,Dense statistical comparison with specific numbers cited as load-bearing evidence — not decorative
"England's second game syndrome is real and documented. They drew their last three middle group stage matches before this tournament. Kane addressed the squad specifically about this issue before the Ghana game. Yet England's tactical approach didn't change: Rice and Anderson both sat deep leaving a two-man midfield against Ghana's midfield block. No creative midfielder meant no one capable of unlocking the defense. The halftime changes that worked against Croatia (tempo urgency attacking line) simply didn't produce the same effect this time.",analysis,Pattern analysis grounded in historical data with specific tactical explanation of why the halftime change failed
"The mouth-covering red card rule only applies during confrontational situations — that's the official IFAB language. The Almiron red card happened because Turkish players immediately ran to the referee making it a confrontational situation. In the Bellingham case Ayew did not react confrontationally — he responded calmly — so by the rule's exact definition it was not a red card offense. The rule is designed to force players to stop hiding potential abuse not to punish casual conversation.",analysis,Applies the specific legal language of the IFAB rule to distinguish the two cases — structured argument from the law of the game
"The 352 is dominant in Serie A but it often becomes formulaic: three central backs and two defensive wingbacks functioning as a 5-3-2 with no genuine attacking width. Conte at Juventus understood the difference — he had strict rotation to preserve wingback energy and Pirlo to control tempo. Without those ingredients most clubs just use it as an excuse to defend with five and rely on set pieces. That's why the rest of the world has moved to winger-based systems to solve the same tactical problems.",analysis,Distinguishes between a genuine 3-5-2 and a passive 5-3-2 with a historical comparison and a tactical explanation for why winger systems emerged
"How the fuck is that not a penalty on the Ghana chance against England? He jumps in with both feet off the ground wraps around the player's thigh and gets zero ball. VAR didn't even look at it. Ref was afraid of the backlash. Absolute robbery.",reaction,Match moment emotional outrage — fan expressing feeling in real time
"The Ghana supporters after the England draw looked like fans at closing time who didn't want to leave the club. The cheering and dancing went on even when the music stopped. You can understand it — four points usually gets you through and they nearly had a penalty. Hence the party.",reaction,Reporter capturing fan emotional celebration post-match
"England were deactivated by Ghana and robbed of a penalty call and STILL mad about the result. Incredible cheek from Kane.",reaction,Fan sarcastic emotional reaction to Kane's post-match comments — no argument
"Ayew literally responding calmly and friendly to Bellingham while everyone online treats it like a war crime. Context people.",reaction,Fan dismissing drama with exasperation — emotional not analytical
"Ah shit here we go again — the Messi Ronaldo debate in 2026. Never gets old.",reaction,Fan sighing at the return of a familiar debate — no argument just emotional exhaustion
"I would pay good money for the footage of Ronaldo's reaction when Montiel scored that penalty to win Argentina the World Cup. Bro definitely broke his TV.",reaction,Fan imagining an emotional moment — pure reaction humor
"Ronaldo will be on his deathbed refusing to go before Messi. With his last breath a weak SIUUU will escape his lips.",reaction,Fan joke expressing emotional investment in the Ronaldo/Messi dynamic — no argument
"England vs Ghana is the most r/soccer thing to happen. Both teams got robbed by the ref and we all still spent 3 hours arguing about it.",reaction,Fan capturing collective emotional experience of the match — meta commentary
"Messi is the GOAT and it is not a debate. Stats trophies eye test team impact — everything points to him. Ronaldo fans can cope.",hot_take,Bold definitive GOAT verdict stated without engaging with the counter-evidence
"Ronaldo is not even the best Ronaldo. Brazilian Ronaldo was more of a natural footballer — Cristiano is the product of obsession and the gym.",hot_take,Bold comparative claim stated without evidence — provocative assertion
"The Messi/Ronaldo debate is dead and has been for years. Anyone still arguing Ronaldo is better is coping. It's not 2015 anymore.",hot_take,Bold declaration that the debate is settled — stated as obvious fact
"Italian football is a circus and has been for 20 years. The 3-5-2 obsession is just an excuse to play five defenders and bore everyone to sleep. Serie A should be embarrassed.",hot_take,Strong dismissive verdict on a whole league and its tactical identity — no evidence
"England have been mentally weak at every tournament since 1966. It is not a run of bad luck it is a cultural problem with English football at the highest level.",hot_take,Sweeping historical claim attributed to culture — stated as fact with no evidence
"Kane is a flat track bully. He scores against Panama and Ghana but watch him vanish when England face France or Germany. Same story every tournament.",hot_take,Bold predictive claim based on an unfair characterization — stated as inevitable
"Messi: scores against top 30 nations. Ronaldo: scores against Uzbekistan and celebrates like he won the World Cup. The stat padding is embarrassing.",hot_take,Bold dismissive comparison stated without full context — cherry-picked to make a point
